,id,label
0,7200,4
1,7201,2
2,7202,2
3,7203,4
4,7204,4
5,7205,4
6,7206,3
7,7207,0
8,7208,2
9,7209,2
10,7210,4
11,7211,1
12,7212,4
13,7213,4
14,7214,1
15,7215,1
16,7216,0
17,7217,1
18,7218,4
19,7219,3
20,7220,0
21,7221,1
22,7222,3
23,7223,1
24,7224,1
25,7225,1
26,7226,0
27,7227,3
28,7228,3
29,7229,0
30,7230,2
31,7231,0
32,7232,3
33,7233,1
34,7234,3
35,7235,3
36,7236,4
37,7237,4
38,7238,0
39,7239,3
40,7240,2
41,7241,3
42,7242,1
43,7243,1
44,7244,0
45,7245,4
46,7246,3
47,7247,4
48,7248,4
49,7249,1
50,7250,1
51,7251,2
52,7252,1
53,7253,0
54,7254,4
55,7255,2
56,7256,1
57,7257,4
58,7258,0
59,7259,4
60,7260,2
61,7261,0
62,7262,4
63,7263,0
64,7264,0
65,7265,4
66,7266,4
67,7267,3
68,7268,1
69,7269,3
70,7270,0
71,7271,3
72,7272,1
73,7273,0
74,7274,1
75,7275,1
76,7276,0
77,7277,2
78,7278,2
79,7279,4
80,7280,3
81,7281,1
82,7282,1
83,7283,2
84,7284,2
85,7285,4
86,7286,0
87,7287,1
88,7288,1
89,7289,0
90,7290,0
91,7291,4
92,7292,0
93,7293,1
94,7294,4
95,7295,4
96,7296,3
97,7297,1
98,7298,2
99,7299,4
100,7300,2
101,7301,2
102,7302,0
103,7303,0
104,7304,0
105,7305,1
106,7306,4
107,7307,4
108,7308,2
109,7309,3
110,7310,0
111,7311,4
112,7312,3
113,7313,1
114,7314,0
115,7315,3
116,7316,3
117,7317,1
118,7318,1
119,7319,4
120,7320,2
121,7321,0
122,7322,2
123,7323,0
124,7324,4
125,7325,4
126,7326,1
127,7327,2
128,7328,4
129,7329,2
130,7330,3
131,7331,4
132,7332,1
133,7333,2
134,7334,2
135,7335,2
136,7336,2
137,7337,1
138,7338,0
139,7339,1
140,7340,2
141,7341,0
142,7342,1
143,7343,3
144,7344,1
145,7345,4
146,7346,4
147,7347,2
148,7348,4
149,7349,2
150,7350,2
151,7351,1
152,7352,1
153,7353,2
154,7354,4
155,7355,4
156,7356,0
157,7357,1
158,7358,0
159,7359,1
160,7360,3
161,7361,3
162,7362,1
163,7363,2
164,7364,3
165,7365,2
166,7366,2
167,7367,3
168,7368,3
169,7369,3
170,7370,2
171,7371,2
172,7372,4
173,7373,3
174,7374,4
175,7375,0
176,7376,4
177,7377,1
178,7378,2
179,7379,1
180,7380,2
181,7381,4
182,7382,4
183,7383,4
184,7384,3
185,7385,1
186,7386,2
187,7387,2
188,7388,2
189,7389,4
190,7390,0
191,7391,3
192,7392,0
193,7393,3
194,7394,0
195,7395,4
196,7396,3
197,7397,1
198,7398,3
199,7399,0
200,7400,1
201,7401,4
202,7402,3
203,7403,0
204,7404,0
205,7405,2
206,7406,3
207,7407,4
208,7408,0
209,7409,1
210,7410,4
211,7411,4
212,7412,2
213,7413,1
214,7414,0
215,7415,3
216,7416,3
217,7417,1
218,7418,3
219,7419,4
220,7420,2
221,7421,4
222,7422,1
223,7423,2
224,7424,1
225,7425,3
226,7426,2
227,7427,3
228,7428,1
229,7429,4
230,7430,3
231,7431,2
232,7432,1
233,7433,4
234,7434,2
235,7435,4
236,7436,1
237,7437,2
238,7438,3
239,7439,2
240,7440,1
241,7441,4
242,7442,3
243,7443,3
244,7444,0
245,7445,0
246,7446,1
247,7447,2
248,7448,0
249,7449,2
250,7450,1
251,7451,4
252,7452,0
253,7453,1
254,7454,0
255,7455,2
256,7456,3
257,7457,1
258,7458,1
259,7459,3
260,7460,0
261,7461,4
262,7462,4
263,7463,2
264,7464,1
265,7465,4
266,7466,4
267,7467,1
268,7468,1
269,7469,3
270,7470,0
271,7471,0
272,7472,0
273,7473,0
274,7474,3
275,7475,4
276,7476,1
277,7477,0
278,7478,1
279,7479,2
280,7480,1
281,7481,1
282,7482,0
283,7483,2
284,7484,2
285,7485,3
286,7486,1
287,7487,2
288,7488,1
289,7489,1
290,7490,4
291,7491,0
292,7492,3
293,7493,0
294,7494,0
295,7495,0
296,7496,1
297,7497,3
298,7498,4
299,7499,1
300,7500,0
301,7501,1
302,7502,0
303,7503,2
304,7504,0
305,7505,2
306,7506,1
307,7507,3
308,7508,0
309,7509,2
310,7510,3
311,7511,0
312,7512,1
313,7513,1
314,7514,2
315,7515,1
316,7516,4
317,7517,3
318,7518,4
319,7519,4
320,7520,1
321,7521,4
322,7522,3
323,7523,3
324,7524,3
325,7525,1
326,7526,4
327,7527,4
328,7528,4
329,7529,2
330,7530,0
331,7531,1
332,7532,3
333,7533,0
334,7534,2
335,7535,3
336,7536,0
337,7537,3
338,7538,3
339,7539,3
340,7540,2
341,7541,3
342,7542,0
343,7543,2
344,7544,4
345,7545,1
346,7546,3
347,7547,3
348,7548,3
349,7549,4
350,7550,3
351,7551,2
352,7552,3
353,7553,3
354,7554,1
355,7555,4
356,7556,4
357,7557,4
358,7558,2
359,7559,1
360,7560,0
361,7561,4
362,7562,3
363,7563,3
364,7564,3
365,7565,2
366,7566,4
367,7567,0
368,7568,0
369,7569,0
370,7570,1
371,7571,4
372,7572,0
373,7573,0
374,7574,4
375,7575,0
376,7576,1
377,7577,1
378,7578,2
379,7579,0
380,7580,0
381,7581,0
382,7582,0
383,7583,0
384,7584,3
385,7585,4
386,7586,3
387,7587,3
388,7588,1
389,7589,4
390,7590,1
391,7591,2
392,7592,3
393,7593,3
394,7594,4
395,7595,3
396,7596,1
397,7597,1
398,7598,1
399,7599,4
400,7600,0
401,7601,4
402,7602,4
403,7603,4
404,7604,3
405,7605,3
406,7606,1
407,7607,3
408,7608,0
409,7609,0
410,7610,1
411,7611,3
412,7612,1
413,7613,0
414,7614,0
415,7615,0
416,7616,2
417,7617,4
418,7618,3
419,7619,0
420,7620,4
421,7621,3
422,7622,2
423,7623,4
424,7624,4
425,7625,2
426,7626,3
427,7627,0
428,7628,0
429,7629,1
430,7630,4
431,7631,0
432,7632,0
433,7633,1
434,7634,1
435,7635,2
436,7636,3
437,7637,3
438,7638,0
439,7639,3
440,7640,3
441,7641,1
442,7642,2
443,7643,3
444,7644,2
445,7645,3
446,7646,4
447,7647,2
448,7648,4
449,7649,0
450,7650,0
451,7651,0
452,7652,2
453,7653,4
454,7654,2
455,7655,3
456,7656,1
457,7657,0
458,7658,2
459,7659,4
460,7660,0
461,7661,0
462,7662,1
463,7663,3
464,7664,2
465,7665,1
466,7666,4
467,7667,3
468,7668,3
469,7669,3
470,7670,1
471,7671,3
472,7672,4
473,7673,4
474,7674,0
475,7675,2
476,7676,0
477,7677,1
478,7678,4
479,7679,2
480,7680,0
481,7681,0
482,7682,0
483,7683,3
484,7684,0
485,7685,3
486,7686,2
487,7687,1
488,7688,4
489,7689,1
490,7690,1
491,7691,1
492,7692,3
493,7693,4
494,7694,2
495,7695,4
496,7696,0
497,7697,2
498,7698,4
499,7699,3
500,7700,3
501,7701,1
502,7702,4
503,7703,0
504,7704,1
505,7705,0
506,7706,3
507,7707,4
508,7708,2
509,7709,2
510,7710,0
511,7711,1
512,7712,4
513,7713,3
514,7714,4
515,7715,3
516,7716,1
517,7717,2
518,7718,1
519,7719,1
520,7720,2
521,7721,3
522,7722,3
523,7723,3
524,7724,2
525,7725,0
526,7726,4
527,7727,0
528,7728,4
529,7729,3
530,7730,3
531,7731,1
532,7732,3
533,7733,0
534,7734,2
535,7735,2
536,7736,2
537,7737,3
538,7738,0
539,7739,0
540,7740,3
541,7741,4
542,7742,0
543,7743,3
544,7744,4
545,7745,4
546,7746,2
547,7747,0
548,7748,4
549,7749,1
550,7750,3
551,7751,4
552,7752,2
553,7753,3
554,7754,1
555,7755,4
556,7756,4
557,7757,0
558,7758,0
559,7759,4
560,7760,4
561,7761,1
562,7762,1
563,7763,3
564,7764,0
565,7765,0
566,7766,0
567,7767,2
568,7768,3
569,7769,2
570,7770,2
571,7771,0
572,7772,4
573,7773,3
574,7774,0
575,7775,2
576,7776,4
577,7777,0
578,7778,3
579,7779,0
580,7780,3
581,7781,3
582,7782,4
583,7783,4
584,7784,4
585,7785,3
586,7786,1
587,7787,1
588,7788,4
589,7789,3
590,7790,2
591,7791,1
592,7792,4
593,7793,2
594,7794,1
595,7795,4
596,7796,1
597,7797,2
598,7798,1
599,7799,0
600,7800,3
601,7801,3
602,7802,0
603,7803,1
604,7804,1
605,7805,2
606,7806,3
607,7807,2
608,7808,2
609,7809,3
610,7810,1
611,7811,0
612,7812,2
613,7813,3
614,7814,3
615,7815,2
616,7816,4
617,7817,1
618,7818,2
619,7819,0
620,7820,0
621,7821,4
622,7822,1
623,7823,2
624,7824,0
625,7825,0
626,7826,4
627,7827,3
628,7828,1
629,7829,1
630,7830,3
631,7831,0
632,7832,2
633,7833,0
634,7834,3
635,7835,1
636,7836,2
637,7837,4
638,7838,0
639,7839,3
640,7840,3
641,7841,3
642,7842,0
643,7843,1
644,7844,1
645,7845,3
646,7846,2
647,7847,1
648,7848,3
649,7849,2
650,7850,0
651,7851,2
652,7852,0
653,7853,1
654,7854,0
655,7855,3
656,7856,4
657,7857,4
658,7858,2
659,7859,4
660,7860,0
661,7861,3
662,7862,1
663,7863,2
664,7864,1
665,7865,4
666,7866,4
667,7867,0
668,7868,2
669,7869,2
670,7870,1
671,7871,0
672,7872,3
673,7873,3
674,7874,1
675,7875,0
676,7876,1
677,7877,0
678,7878,1
679,7879,2
680,7880,1
681,7881,0
682,7882,4
683,7883,0
684,7884,2
685,7885,3
686,7886,0
687,7887,3
688,7888,1
689,7889,0
690,7890,0
691,7891,1
692,7892,0
693,7893,1
694,7894,0
695,7895,2
696,7896,4
697,7897,1
698,7898,0
699,7899,0
700,7900,4
701,7901,0
702,7902,4
703,7903,0
704,7904,4
705,7905,3
706,7906,1
707,7907,1
708,7908,1
709,7909,0
710,7910,4
711,7911,0
712,7912,1
713,7913,1
714,7914,3
715,7915,3
716,7916,0
717,7917,1
718,7918,0
719,7919,1
720,7920,0
721,7921,2
722,7922,4
723,7923,3
724,7924,3
725,7925,3
726,7926,3
727,7927,2
728,7928,3
729,7929,2
730,7930,3
731,7931,3
732,7932,1
733,7933,2
734,7934,2
735,7935,2
736,7936,1
737,7937,0
738,7938,1
739,7939,3
740,7940,0
741,7941,0
742,7942,2
743,7943,2
744,7944,2
745,7945,4
746,7946,4
747,7947,1
748,7948,4
749,7949,4
750,7950,0
751,7951,2
752,7952,4
753,7953,4
754,7954,2
755,7955,1
756,7956,2
757,7957,2
758,7958,0
759,7959,1
760,7960,4
761,7961,3
762,7962,3
763,7963,4
764,7964,1
765,7965,1
766,7966,0
767,7967,0
768,7968,4
769,7969,3
770,7970,3
771,7971,0
772,7972,1
773,7973,0
774,7974,2
775,7975,2
776,7976,3
777,7977,1
778,7978,0
779,7979,2
780,7980,1
781,7981,3
782,7982,4
783,7983,2
784,7984,4
785,7985,3
786,7986,2
787,7987,1
788,7988,3
789,7989,4
790,7990,3
791,7991,0
792,7992,2
793,7993,2
794,7994,3
795,7995,0
796,7996,2
797,7997,2
798,7998,2
799,7999,2
800,8000,1
801,8001,1
802,8002,4
803,8003,2
804,8004,2
805,8005,3
806,8006,2
807,8007,2
808,8008,2
809,8009,4
810,8010,3
811,8011,3
812,8012,4
813,8013,4
814,8014,0
815,8015,2
816,8016,1
817,8017,2
818,8018,1
819,8019,3
820,8020,4
821,8021,1
822,8022,4
823,8023,0
824,8024,3
825,8025,1
826,8026,0
827,8027,3
828,8028,0
829,8029,3
830,8030,0
831,8031,4
832,8032,3
833,8033,1
834,8034,2
835,8035,3
836,8036,2
837,8037,3
838,8038,1
839,8039,4
840,8040,0
841,8041,4
842,8042,1
843,8043,4
844,8044,0
845,8045,3
846,8046,0
847,8047,2
848,8048,1
849,8049,2
850,8050,3
851,8051,2
852,8052,4
853,8053,1
854,8054,0
855,8055,4
856,8056,2
857,8057,4
858,8058,3
859,8059,0
860,8060,1
861,8061,2
862,8062,3
863,8063,3
864,8064,4
865,8065,1
866,8066,3
867,8067,2
868,8068,0
869,8069,4
870,8070,1
871,8071,4
872,8072,2
873,8073,0
874,8074,0
875,8075,0
876,8076,0
877,8077,4
878,8078,2
879,8079,3
880,8080,0
881,8081,2
882,8082,2
883,8083,0
884,8084,0
885,8085,1
886,8086,0
887,8087,0
888,8088,0
889,8089,3
890,8090,1
891,8091,0
892,8092,4
893,8093,2
894,8094,0
895,8095,1
896,8096,3
897,8097,0
898,8098,1
899,8099,3
900,8100,4
901,8101,1
902,8102,4
903,8103,0
904,8104,1
905,8105,0
906,8106,4
907,8107,0
908,8108,3
909,8109,1
910,8110,4
911,8111,2
912,8112,3
913,8113,3
914,8114,1
915,8115,4
916,8116,2
917,8117,2
918,8118,0
919,8119,4
920,8120,0
921,8121,4
922,8122,2
923,8123,1
924,8124,3
925,8125,1
926,8126,4
927,8127,0
928,8128,3
929,8129,4
930,8130,2
931,8131,3
932,8132,1
933,8133,0
934,8134,1
935,8135,1
936,8136,3
937,8137,3
938,8138,4
939,8139,1
940,8140,4
941,8141,3
942,8142,0
943,8143,3
944,8144,2
945,8145,3
946,8146,3
947,8147,1
948,8148,3
949,8149,1
950,8150,4
951,8151,4
952,8152,1
953,8153,0
954,8154,4
955,8155,4
956,8156,3
957,8157,3
958,8158,0
959,8159,2
960,8160,2
961,8161,3
962,8162,3
963,8163,4
964,8164,0
965,8165,4
966,8166,4
967,8167,3
968,8168,2
969,8169,3
970,8170,3
971,8171,1
972,8172,2
973,8173,4
974,8174,1
975,8175,2
976,8176,2
977,8177,1
978,8178,2
979,8179,2
980,8180,1
981,8181,2
982,8182,1
983,8183,1
984,8184,0
985,8185,3
986,8186,3
987,8187,1
988,8188,2
989,8189,0
990,8190,3
991,8191,2
992,8192,1
993,8193,4
994,8194,2
995,8195,4
996,8196,2
997,8197,0
998,8198,2
999,8199,1
1000,8200,0
1001,8201,4
1002,8202,3
1003,8203,1
1004,8204,2
1005,8205,0
1006,8206,1
1007,8207,1
1008,8208,1
1009,8209,3
1010,8210,2
1011,8211,3
1012,8212,0
1013,8213,2
1014,8214,3
1015,8215,3
1016,8216,4
1017,8217,1
1018,8218,0
1019,8219,4
1020,8220,0
1021,8221,3
1022,8222,4
1023,8223,1
1024,8224,2
1025,8225,4
1026,8226,0
1027,8227,3
1028,8228,4
1029,8229,1
1030,8230,2
1031,8231,3
1032,8232,1
1033,8233,2
1034,8234,4
1035,8235,3
1036,8236,1
1037,8237,4
1038,8238,4
1039,8239,3
1040,8240,4
1041,8241,1
1042,8242,4
1043,8243,4
1044,8244,4
1045,8245,0
1046,8246,3
1047,8247,0
1048,8248,1
1049,8249,4
1050,8250,3
1051,8251,0
1052,8252,2
1053,8253,4
1054,8254,2
1055,8255,1
1056,8256,4
1057,8257,4
1058,8258,2
1059,8259,4
1060,8260,2
1061,8261,2
1062,8262,3
1063,8263,3
1064,8264,4
1065,8265,1
1066,8266,0
1067,8267,1
1068,8268,2
1069,8269,1
1070,8270,3
1071,8271,2
1072,8272,0
1073,8273,2
1074,8274,4
1075,8275,4
1076,8276,4
1077,8277,4
1078,8278,4
1079,8279,0
1080,8280,0
1081,8281,2
1082,8282,3
1083,8283,1
1084,8284,0
1085,8285,4
1086,8286,3
1087,8287,4
1088,8288,4
1089,8289,3
1090,8290,1
1091,8291,4
1092,8292,0
1093,8293,0
1094,8294,3
1095,8295,3
1096,8296,0
1097,8297,3
1098,8298,4
1099,8299,2
1100,8300,1
1101,8301,3
1102,8302,0
1103,8303,3
1104,8304,1
1105,8305,2
1106,8306,1
1107,8307,0
1108,8308,2
1109,8309,4
1110,8310,2
1111,8311,1
1112,8312,3
1113,8313,2
1114,8314,3
1115,8315,4
1116,8316,0
1117,8317,0
1118,8318,2
1119,8319,4
1120,8320,1
1121,8321,0
1122,8322,0
1123,8323,0
1124,8324,3
1125,8325,1
1126,8326,4
1127,8327,4
1128,8328,3
1129,8329,3
1130,8330,2
1131,8331,1
1132,8332,1
1133,8333,0
1134,8334,4
1135,8335,0
1136,8336,0
1137,8337,4
1138,8338,0
1139,8339,3
1140,8340,3
1141,8341,3
1142,8342,0
1143,8343,0
1144,8344,4
1145,8345,2
1146,8346,0
1147,8347,1
1148,8348,0
1149,8349,0
1150,8350,4
1151,8351,2
1152,8352,0
1153,8353,4
1154,8354,1
1155,8355,2
1156,8356,2
1157,8357,4
1158,8358,0
1159,8359,4
1160,8360,0
1161,8361,2
1162,8362,0
1163,8363,3
1164,8364,4
1165,8365,4
1166,8366,2
1167,8367,2
1168,8368,1
1169,8369,3
1170,8370,0
1171,8371,2
1172,8372,3
1173,8373,4
1174,8374,2
1175,8375,4
1176,8376,3
1177,8377,1
1178,8378,1
1179,8379,3
1180,8380,1
1181,8381,4
1182,8382,1
1183,8383,2
1184,8384,4
1185,8385,2
1186,8386,1
1187,8387,3
1188,8388,2
1189,8389,4
1190,8390,1
1191,8391,0
1192,8392,3
1193,8393,3
1194,8394,0
1195,8395,0
1196,8396,4
1197,8397,4
1198,8398,4
1199,8399,4
1200,8400,0
1201,8401,2
1202,8402,2
1203,8403,4
1204,8404,1
1205,8405,0
1206,8406,4
1207,8407,3
1208,8408,4
1209,8409,2
1210,8410,4
1211,8411,3
1212,8412,0
1213,8413,3
1214,8414,3
1215,8415,4
1216,8416,4
1217,8417,3
1218,8418,4
1219,8419,0
1220,8420,2
1221,8421,1
1222,8422,0
1223,8423,4
1224,8424,2
1225,8425,2
1226,8426,1
1227,8427,2
1228,8428,2
1229,8429,1
1230,8430,3
1231,8431,0
1232,8432,1
1233,8433,3
1234,8434,0
1235,8435,1
1236,8436,3
1237,8437,0
1238,8438,3
1239,8439,4
1240,8440,4
1241,8441,4
1242,8442,3
1243,8443,4
1244,8444,1
1245,8445,4
1246,8446,1
1247,8447,4
1248,8448,3
1249,8449,1
1250,8450,4
1251,8451,3
1252,8452,3
1253,8453,4
1254,8454,3
1255,8455,0
1256,8456,3
1257,8457,4
1258,8458,3
1259,8459,1
1260,8460,1
1261,8461,0
1262,8462,0
1263,8463,2
1264,8464,4
1265,8465,2
1266,8466,4
1267,8467,3
1268,8468,1
1269,8469,0
1270,8470,4
1271,8471,1
1272,8472,4
1273,8473,2
1274,8474,0
1275,8475,3
1276,8476,1
1277,8477,1
1278,8478,2
1279,8479,2
1280,8480,1
1281,8481,4
1282,8482,0
1283,8483,0
1284,8484,3
1285,8485,3
1286,8486,3
1287,8487,1
1288,8488,0
1289,8489,4
1290,8490,3
1291,8491,0
1292,8492,2
1293,8493,4
1294,8494,3
1295,8495,0
1296,8496,4
1297,8497,3
1298,8498,0
1299,8499,1
1300,8500,4
1301,8501,3
1302,8502,0
1303,8503,3
1304,8504,0
1305,8505,0
1306,8506,2
1307,8507,3
1308,8508,0
1309,8509,4
1310,8510,3
1311,8511,4
1312,8512,1
1313,8513,4
1314,8514,3
1315,8515,4
1316,8516,1
1317,8517,1
1318,8518,2
1319,8519,1
1320,8520,3
1321,8521,3
1322,8522,2
1323,8523,4
1324,8524,2
1325,8525,0
1326,8526,2
1327,8527,2
1328,8528,0
1329,8529,4
1330,8530,1
1331,8531,3
1332,8532,4
1333,8533,0
1334,8534,3
1335,8535,2
1336,8536,0
1337,8537,1
1338,8538,0
1339,8539,2
1340,8540,1
1341,8541,3
1342,8542,0
1343,8543,1
1344,8544,1
1345,8545,3
1346,8546,1
1347,8547,0
1348,8548,0
1349,8549,1
1350,8550,3
1351,8551,3
1352,8552,0
1353,8553,4
1354,8554,0
1355,8555,2
1356,8556,1
1357,8557,0
1358,8558,0
1359,8559,2
1360,8560,4
1361,8561,1
1362,8562,3
1363,8563,3
1364,8564,1
1365,8565,2
1366,8566,2
1367,8567,0
1368,8568,4
1369,8569,1
1370,8570,4
1371,8571,0
1372,8572,3
1373,8573,2
1374,8574,0
1375,8575,2
1376,8576,4
1377,8577,2
1378,8578,0
1379,8579,2
1380,8580,2
1381,8581,0
1382,8582,2
1383,8583,3
1384,8584,2
1385,8585,1
1386,8586,2
1387,8587,3
1388,8588,3
1389,8589,3
1390,8590,1
1391,8591,3
1392,8592,0
1393,8593,0
1394,8594,4
1395,8595,2
1396,8596,2
1397,8597,3
1398,8598,2
1399,8599,0
1400,8600,0
1401,8601,1
1402,8602,1
1403,8603,4
1404,8604,4
1405,8605,1
1406,8606,4
1407,8607,4
1408,8608,1
1409,8609,2
1410,8610,4
1411,8611,3
1412,8612,4
1413,8613,0
1414,8614,4
1415,8615,2
1416,8616,4
1417,8617,3
1418,8618,4
1419,8619,1
1420,8620,0
1421,8621,2
1422,8622,0
1423,8623,3
1424,8624,3
1425,8625,0
1426,8626,0
1427,8627,0
1428,8628,0
1429,8629,4
1430,8630,0
1431,8631,0
1432,8632,1
1433,8633,0
1434,8634,0
1435,8635,3
1436,8636,4
1437,8637,1
1438,8638,0
1439,8639,2
1440,8640,0
1441,8641,3
1442,8642,0
1443,8643,2
1444,8644,2
1445,8645,4
1446,8646,1
1447,8647,0
1448,8648,4
1449,8649,1
1450,8650,3
1451,8651,4
1452,8652,4
1453,8653,2
1454,8654,4
1455,8655,1
1456,8656,2
1457,8657,2
1458,8658,2
1459,8659,2
1460,8660,1
1461,8661,4
1462,8662,0
1463,8663,0
1464,8664,0
1465,8665,2
1466,8666,1
1467,8667,3
1468,8668,1
1469,8669,2
1470,8670,0
1471,8671,1
1472,8672,3
1473,8673,3
1474,8674,1
1475,8675,1
1476,8676,0
1477,8677,0
1478,8678,3
1479,8679,3
1480,8680,1
1481,8681,2
1482,8682,4
1483,8683,4
1484,8684,4
1485,8685,1
1486,8686,0
1487,8687,2
1488,8688,1
1489,8689,4
1490,8690,2
1491,8691,0
1492,8692,0
1493,8693,1
1494,8694,3
1495,8695,2
1496,8696,2
1497,8697,4
1498,8698,2
1499,8699,3
1500,8700,4
1501,8701,4
1502,8702,4
1503,8703,3
1504,8704,4
1505,8705,3
1506,8706,2
1507,8707,3
1508,8708,1
1509,8709,0
1510,8710,3
1511,8711,3
1512,8712,1
1513,8713,4
1514,8714,3
1515,8715,0
1516,8716,1
1517,8717,2
1518,8718,2
1519,8719,3
1520,8720,3
1521,8721,3
1522,8722,0
1523,8723,0
1524,8724,1
1525,8725,0
1526,8726,1
1527,8727,3
1528,8728,4
1529,8729,2
1530,8730,3
1531,8731,0
1532,8732,0
1533,8733,2
1534,8734,1
1535,8735,2
1536,8736,4
1537,8737,3
1538,8738,4
1539,8739,3
1540,8740,0
1541,8741,3
1542,8742,1
1543,8743,0
1544,8744,1
1545,8745,4
1546,8746,0
1547,8747,1
1548,8748,2
1549,8749,2
1550,8750,4
1551,8751,1
1552,8752,2
1553,8753,2
1554,8754,4
1555,8755,4
1556,8756,4
1557,8757,4
1558,8758,3
1559,8759,1
1560,8760,1
1561,8761,2
1562,8762,2
1563,8763,0
1564,8764,1
1565,8765,3
1566,8766,3
1567,8767,2
1568,8768,0
1569,8769,0
1570,8770,2
1571,8771,3
1572,8772,2
1573,8773,2
1574,8774,3
1575,8775,3
1576,8776,2
1577,8777,1
1578,8778,0
1579,8779,0
1580,8780,2
1581,8781,2
1582,8782,0
1583,8783,4
1584,8784,1
1585,8785,1
1586,8786,3
1587,8787,0
1588,8788,4
1589,8789,1
1590,8790,4
1591,8791,2
1592,8792,4
1593,8793,0
1594,8794,1
1595,8795,2
1596,8796,3
1597,8797,2
1598,8798,3
1599,8799,1
1600,8800,0
1601,8801,0
1602,8802,4
1603,8803,1
1604,8804,2
1605,8805,4
1606,8806,3
1607,8807,3
1608,8808,1
1609,8809,0
1610,8810,0
1611,8811,3
1612,8812,3
1613,8813,4
1614,8814,1
1615,8815,0
1616,8816,1
1617,8817,4
1618,8818,3
1619,8819,1
1620,8820,2
1621,8821,0
1622,8822,4
1623,8823,0
1624,8824,2
1625,8825,4
1626,8826,3
1627,8827,1
1628,8828,0
1629,8829,3
1630,8830,0
1631,8831,3
1632,8832,2
1633,8833,1
1634,8834,1
1635,8835,2
1636,8836,3
1637,8837,1
1638,8838,2
1639,8839,0
1640,8840,3
1641,8841,3
1642,8842,0
1643,8843,3
1644,8844,0
1645,8845,0
1646,8846,2
1647,8847,1
1648,8848,3
1649,8849,0
1650,8850,4
1651,8851,0
1652,8852,1
1653,8853,1
1654,8854,0
1655,8855,4
1656,8856,1
1657,8857,4
1658,8858,3
1659,8859,2
1660,8860,3
1661,8861,1
1662,8862,1
1663,8863,2
1664,8864,0
1665,8865,0
1666,8866,2
1667,8867,1
1668,8868,1
1669,8869,2
1670,8870,4
1671,8871,2
1672,8872,1
1673,8873,1
1674,8874,2
1675,8875,3
1676,8876,2
1677,8877,0
1678,8878,3
1679,8879,3
1680,8880,1
1681,8881,0
1682,8882,4
1683,8883,3
1684,8884,2
1685,8885,4
1686,8886,1
1687,8887,0
1688,8888,3
1689,8889,4
1690,8890,4
1691,8891,3
1692,8892,2
1693,8893,1
1694,8894,3
1695,8895,0
1696,8896,2
1697,8897,3
1698,8898,0
1699,8899,3
1700,8900,2
1701,8901,2
1702,8902,1
1703,8903,0
1704,8904,0
1705,8905,3
1706,8906,2
1707,8907,1
1708,8908,4
1709,8909,2
1710,8910,1
1711,8911,3
1712,8912,0
1713,8913,2
1714,8914,2
1715,8915,0
1716,8916,0
1717,8917,2
1718,8918,0
1719,8919,2
1720,8920,1
1721,8921,2
1722,8922,3
1723,8923,3
1724,8924,0
1725,8925,1
1726,8926,0
1727,8927,1
1728,8928,2
1729,8929,1
1730,8930,3
1731,8931,2
1732,8932,0
1733,8933,1
1734,8934,0
1735,8935,3
1736,8936,1
1737,8937,0
1738,8938,1
1739,8939,0
1740,8940,2
1741,8941,0
1742,8942,2
1743,8943,2
1744,8944,0
1745,8945,0
1746,8946,1
1747,8947,2
1748,8948,3
1749,8949,0
1750,8950,1
1751,8951,3
1752,8952,3
1753,8953,2
1754,8954,3
1755,8955,2
1756,8956,2
1757,8957,0
1758,8958,0
1759,8959,0
1760,8960,0
1761,8961,3
1762,8962,3
1763,8963,3
1764,8964,0
1765,8965,2
1766,8966,1
1767,8967,1
1768,8968,3
1769,8969,3
1770,8970,1
1771,8971,1
1772,8972,4
1773,8973,3
1774,8974,2
1775,8975,4
1776,8976,2
1777,8977,3
1778,8978,3
1779,8979,0
1780,8980,4
1781,8981,0
1782,8982,1
1783,8983,4
1784,8984,4
1785,8985,1
1786,8986,2
1787,8987,0
1788,8988,4
1789,8989,1
1790,8990,3
1791,8991,4
1792,8992,2
1793,8993,3
1794,8994,3
1795,8995,2
1796,8996,3
1797,8997,4
1798,8998,3
1799,8999,4
1800,9000,0
1801,9001,3
1802,9002,4
1803,9003,4
1804,9004,0
1805,9005,2
1806,9006,3
1807,9007,4
1808,9008,2
1809,9009,1
1810,9010,3
1811,9011,2
1812,9012,2
1813,9013,3
1814,9014,4
1815,9015,3
1816,9016,1
1817,9017,3
1818,9018,0
1819,9019,0
1820,9020,4
1821,9021,0
1822,9022,4
1823,9023,0
1824,9024,4
1825,9025,0
1826,9026,3
1827,9027,4
1828,9028,4
1829,9029,2
1830,9030,4
1831,9031,4
1832,9032,4
1833,9033,2
1834,9034,2
1835,9035,1
1836,9036,1
1837,9037,4
1838,9038,3
1839,9039,3
1840,9040,2
1841,9041,1
1842,9042,2
1843,9043,0
1844,9044,0
1845,9045,0
1846,9046,0
1847,9047,2
1848,9048,2
1849,9049,3
1850,9050,2
1851,9051,2
1852,9052,3
1853,9053,1
1854,9054,4
1855,9055,3
1856,9056,0
1857,9057,3
1858,9058,2
1859,9059,4
1860,9060,3
1861,9061,4
1862,9062,0
1863,9063,4
1864,9064,3
1865,9065,0
1866,9066,1
1867,9067,3
1868,9068,0
1869,9069,3
1870,9070,4
1871,9071,3
1872,9072,1
1873,9073,0
1874,9074,1
1875,9075,4
1876,9076,1
1877,9077,3
1878,9078,2
1879,9079,1
1880,9080,0
1881,9081,3
1882,9082,1
1883,9083,3
1884,9084,2
1885,9085,0
1886,9086,2
1887,9087,4
1888,9088,1
1889,9089,3
1890,9090,2
1891,9091,0
1892,9092,1
1893,9093,1
1894,9094,4
1895,9095,0
1896,9096,3
1897,9097,1
1898,9098,4
1899,9099,2
1900,9100,3
1901,9101,3
1902,9102,4
1903,9103,2
1904,9104,1
1905,9105,2
1906,9106,2
1907,9107,0
1908,9108,2
1909,9109,2
1910,9110,0
1911,9111,0
1912,9112,0
1913,9113,1
1914,9114,1
1915,9115,1
1916,9116,2
1917,9117,0
1918,9118,2
1919,9119,0
1920,9120,0
1921,9121,2
1922,9122,4
1923,9123,0
1924,9124,1
1925,9125,0
1926,9126,4
1927,9127,3
1928,9128,0
1929,9129,4
1930,9130,1
1931,9131,4
1932,9132,3
1933,9133,4
1934,9134,4
1935,9135,2
1936,9136,2
1937,9137,1
1938,9138,0
1939,9139,1
1940,9140,1
1941,9141,3
1942,9142,2
1943,9143,1
1944,9144,3
1945,9145,1
1946,9146,0
1947,9147,2
1948,9148,4
1949,9149,3
1950,9150,4
1951,9151,0
1952,9152,3
1953,9153,1
1954,9154,2
1955,9155,1
1956,9156,1
1957,9157,4
1958,9158,2
1959,9159,1
1960,9160,2
1961,9161,1
1962,9162,1
1963,9163,3
1964,9164,4
1965,9165,4
1966,9166,0
1967,9167,0
1968,9168,3
1969,9169,4
1970,9170,4
1971,9171,0
1972,9172,4
1973,9173,4
1974,9174,4
1975,9175,3
1976,9176,1
1977,9177,0
1978,9178,1
1979,9179,4
1980,9180,3
1981,9181,2
1982,9182,3
1983,9183,1
1984,9184,4
1985,9185,4
1986,9186,3
1987,9187,4
1988,9188,4
1989,9189,1
1990,9190,0
1991,9191,1
1992,9192,0
1993,9193,0
1994,9194,0
1995,9195,0
1996,9196,3
1997,9197,1
1998,9198,1
1999,9199,0
2000,9200,4
2001,9201,2
2002,9202,1
2003,9203,0
2004,9204,1
2005,9205,3
2006,9206,0
2007,9207,1
2008,9208,1
2009,9209,0
2010,9210,1
2011,9211,3
2012,9212,0
2013,9213,3
2014,9214,0
2015,9215,4
2016,9216,1
2017,9217,1
2018,9218,0
2019,9219,1
2020,9220,2
2021,9221,0
2022,9222,3
2023,9223,3
2024,9224,1
2025,9225,4
2026,9226,0
2027,9227,0
2028,9228,1
2029,9229,0
2030,9230,4
2031,9231,0
2032,9232,2
2033,9233,1
2034,9234,0
2035,9235,1
2036,9236,2
2037,9237,3
2038,9238,2
2039,9239,1
2040,9240,0
2041,9241,4
2042,9242,0
2043,9243,1
2044,9244,4
2045,9245,4
2046,9246,2
2047,9247,3
2048,9248,0
2049,9249,4
2050,9250,4
2051,9251,0
2052,9252,2
2053,9253,1
2054,9254,4
2055,9255,1
2056,9256,1
2057,9257,3
2058,9258,0
2059,9259,1
2060,9260,4
2061,9261,3
2062,9262,4
2063,9263,3
2064,9264,2
2065,9265,0
2066,9266,0
2067,9267,0
2068,9268,3
2069,9269,3
2070,9270,3
2071,9271,3
2072,9272,0
2073,9273,3
2074,9274,4
2075,9275,0
2076,9276,3
2077,9277,4
2078,9278,0
2079,9279,3
2080,9280,1
2081,9281,3
2082,9282,3
2083,9283,4
2084,9284,1
2085,9285,0
2086,9286,3
2087,9287,0
2088,9288,4
2089,9289,2
2090,9290,4
2091,9291,0
2092,9292,0
2093,9293,4
2094,9294,0
2095,9295,1
2096,9296,1
2097,9297,2
2098,9298,1
2099,9299,2
2100,9300,3
2101,9301,2
2102,9302,1
2103,9303,0
2104,9304,1
2105,9305,0
2106,9306,0
2107,9307,1
2108,9308,4
2109,9309,2
2110,9310,4
2111,9311,1
2112,9312,0
2113,9313,3
2114,9314,4
2115,9315,3
2116,9316,4
2117,9317,3
2118,9318,0
2119,9319,4
2120,9320,1
2121,9321,2
2122,9322,1
2123,9323,1
2124,9324,4
2125,9325,3
2126,9326,3
2127,9327,2
2128,9328,1
2129,9329,3
2130,9330,4
2131,9331,3
2132,9332,0
2133,9333,0
2134,9334,4
2135,9335,4
2136,9336,0
2137,9337,2
2138,9338,0
2139,9339,1
2140,9340,3
2141,9341,3
2142,9342,1
2143,9343,2
2144,9344,4
2145,9345,4
2146,9346,4
2147,9347,0
2148,9348,2
2149,9349,1
2150,9350,1
2151,9351,1
2152,9352,0
2153,9353,0
2154,9354,0
2155,9355,3
2156,9356,0
2157,9357,2
2158,9358,1
2159,9359,1
2160,9360,1
2161,9361,4
2162,9362,4
2163,9363,4
2164,9364,0
2165,9365,1
2166,9366,3
2167,9367,3
2168,9368,3
2169,9369,2
2170,9370,0
2171,9371,0
2172,9372,4
2173,9373,2
2174,9374,4
2175,9375,4
2176,9376,3
2177,9377,2
2178,9378,2
2179,9379,2
2180,9380,0
2181,9381,3
2182,9382,4
2183,9383,3
2184,9384,1
2185,9385,4
2186,9386,2
2187,9387,3
2188,9388,3
2189,9389,3
2190,9390,1
2191,9391,0
2192,9392,1
2193,9393,0
2194,9394,0
2195,9395,4
2196,9396,1
2197,9397,1
2198,9398,4
2199,9399,2
2200,9400,0
2201,9401,2
2202,9402,2
2203,9403,1
2204,9404,3
2205,9405,1
2206,9406,2
2207,9407,0
2208,9408,4
2209,9409,3
2210,9410,4
2211,9411,2
2212,9412,0
2213,9413,0
2214,9414,2
2215,9415,0
2216,9416,2
2217,9417,2
2218,9418,3
2219,9419,0
2220,9420,4
2221,9421,3
2222,9422,2
2223,9423,2
2224,9424,0
2225,9425,2
2226,9426,0
2227,9427,2
2228,9428,1
2229,9429,2
2230,9430,4
2231,9431,1
2232,9432,2
2233,9433,0
2234,9434,4
2235,9435,3
2236,9436,2
2237,9437,1
2238,9438,0
2239,9439,1
2240,9440,0
2241,9441,3
2242,9442,4
2243,9443,3
2244,9444,4
2245,9445,0
2246,9446,1
2247,9447,4
2248,9448,4
2249,9449,1
2250,9450,4
2251,9451,2
2252,9452,2
2253,9453,3
2254,9454,2
2255,9455,4
2256,9456,3
2257,9457,0
2258,9458,4
2259,9459,3
2260,9460,0
2261,9461,0
2262,9462,3
2263,9463,4
2264,9464,1
2265,9465,4
2266,9466,1
2267,9467,4
2268,9468,0
2269,9469,4
2270,9470,2
2271,9471,0
2272,9472,4
2273,9473,4
2274,9474,0
2275,9475,1
2276,9476,4
2277,9477,3
2278,9478,4
2279,9479,3
2280,9480,4
2281,9481,4
2282,9482,4
2283,9483,0
2284,9484,0
2285,9485,0
2286,9486,4
2287,9487,2
2288,9488,1
2289,9489,1
2290,9490,4
2291,9491,4
2292,9492,0
2293,9493,1
2294,9494,4
2295,9495,1
2296,9496,0
2297,9497,3
2298,9498,4
2299,9499,4
2300,9500,1
2301,9501,1
2302,9502,4
2303,9503,0
2304,9504,2
2305,9505,0
2306,9506,4
2307,9507,4
2308,9508,1
2309,9509,3
2310,9510,4
2311,9511,2
2312,9512,3
2313,9513,0
2314,9514,3
2315,9515,3
2316,9516,4
2317,9517,3
2318,9518,0
2319,9519,4
2320,9520,4
2321,9521,0
2322,9522,0
2323,9523,2
2324,9524,1
2325,9525,2
2326,9526,2
2327,9527,2
2328,9528,1
2329,9529,1
2330,9530,0
2331,9531,3
2332,9532,0
2333,9533,2
2334,9534,3
2335,9535,2
2336,9536,0
2337,9537,4
2338,9538,1
2339,9539,0
2340,9540,3
2341,9541,2
2342,9542,2
2343,9543,0
2344,9544,4
2345,9545,2
2346,9546,3
2347,9547,2
2348,9548,4
2349,9549,2
2350,9550,1
2351,9551,4
2352,9552,4
2353,9553,0
2354,9554,1
2355,9555,4
2356,9556,4
2357,9557,4
2358,9558,1
2359,9559,1
2360,9560,3
2361,9561,4
2362,9562,1
2363,9563,3
2364,9564,1
2365,9565,2
2366,9566,2
2367,9567,2
2368,9568,0
2369,9569,1
2370,9570,3
2371,9571,2
2372,9572,4
2373,9573,0
2374,9574,0
2375,9575,2
2376,9576,2
2377,9577,1
2378,9578,1
2379,9579,4
2380,9580,0
2381,9581,4
2382,9582,1
2383,9583,0
2384,9584,2
2385,9585,0
2386,9586,3
2387,9587,3
2388,9588,1
2389,9589,4
2390,9590,4
2391,9591,0
2392,9592,4
2393,9593,2
2394,9594,2
2395,9595,2
2396,9596,1
2397,9597,0
2398,9598,0
2399,9599,3
2400,9600,3
2401,9601,3
2402,9602,3
2403,9603,1
2404,9604,0
2405,9605,1
2406,9606,4
2407,9607,3
2408,9608,2
2409,9609,0
2410,9610,3
2411,9611,3
2412,9612,2
2413,9613,0
2414,9614,1
2415,9615,0
2416,9616,1
2417,9617,0
2418,9618,2
2419,9619,3
2420,9620,0
2421,9621,0
2422,9622,2
2423,9623,1
2424,9624,0
2425,9625,0
2426,9626,0
2427,9627,4
2428,9628,1
2429,9629,2
2430,9630,3
2431,9631,3
2432,9632,3
2433,9633,2
2434,9634,3
2435,9635,1
2436,9636,3
2437,9637,1
2438,9638,4
2439,9639,4
2440,9640,4
2441,9641,4
2442,9642,2
2443,9643,2
2444,9644,2
2445,9645,3
2446,9646,1
2447,9647,4
2448,9648,1
2449,9649,3
2450,9650,4
2451,9651,3
2452,9652,3
2453,9653,4
2454,9654,0
2455,9655,4
2456,9656,3
2457,9657,2
2458,9658,2
2459,9659,2
2460,9660,1
2461,9661,0
2462,9662,0
2463,9663,1
2464,9664,1
2465,9665,3
2466,9666,1
2467,9667,0
2468,9668,0
2469,9669,0
2470,9670,3
2471,9671,1
2472,9672,3
2473,9673,1
2474,9674,4
2475,9675,1
2476,9676,2
2477,9677,0
2478,9678,4
2479,9679,1
2480,9680,3
2481,9681,0
2482,9682,1
2483,9683,4
2484,9684,4
2485,9685,0
2486,9686,2
2487,9687,1
2488,9688,3
2489,9689,4
2490,9690,4
2491,9691,0
2492,9692,0
2493,9693,3
2494,9694,0
2495,9695,4
2496,9696,3
2497,9697,0
2498,9698,4
2499,9699,4
2500,9700,4
2501,9701,4
2502,9702,4
2503,9703,3
2504,9704,0
2505,9705,4
2506,9706,3
2507,9707,3
2508,9708,2
2509,9709,1
2510,9710,2
2511,9711,2
2512,9712,1
2513,9713,2
2514,9714,1
2515,9715,3
2516,9716,0
2517,9717,1
2518,9718,0
2519,9719,3
2520,9720,2
2521,9721,2
2522,9722,2
2523,9723,1
2524,9724,1
2525,9725,2
2526,9726,2
2527,9727,3
2528,9728,4
2529,9729,2
2530,9730,2
2531,9731,0
2532,9732,3
2533,9733,3
2534,9734,3
2535,9735,3
2536,9736,1
2537,9737,1
2538,9738,1
2539,9739,2
2540,9740,4
2541,9741,4
2542,9742,3
2543,9743,1
2544,9744,0
2545,9745,2
2546,9746,1
2547,9747,1
2548,9748,0
2549,9749,3
2550,9750,2
2551,9751,4
2552,9752,2
2553,9753,1
2554,9754,0
2555,9755,4
2556,9756,0
2557,9757,0
2558,9758,4
2559,9759,1
2560,9760,2
2561,9761,0
2562,9762,0
2563,9763,3
2564,9764,4
2565,9765,0
2566,9766,4
2567,9767,3
2568,9768,3
2569,9769,0
2570,9770,4
2571,9771,1
2572,9772,1
2573,9773,0
2574,9774,1
2575,9775,0
2576,9776,1
2577,9777,4
2578,9778,4
2579,9779,1
2580,9780,0
2581,9781,1
2582,9782,1
2583,9783,4
2584,9784,4
2585,9785,0
2586,9786,3
2587,9787,0
2588,9788,4
2589,9789,3
2590,9790,2
2591,9791,1
2592,9792,2
2593,9793,0
2594,9794,2
2595,9795,1
2596,9796,0
2597,9797,1
2598,9798,0
2599,9799,0
2600,9800,2
2601,9801,0
2602,9802,4
2603,9803,3
2604,9804,4
2605,9805,0
2606,9806,3
2607,9807,1
2608,9808,4
2609,9809,0
2610,9810,0
2611,9811,0
2612,9812,2
2613,9813,1
2614,9814,3
2615,9815,4
2616,9816,0
2617,9817,0
2618,9818,2
2619,9819,3
2620,9820,4
2621,9821,4
2622,9822,3
2623,9823,0
2624,9824,3
2625,9825,1
2626,9826,1
2627,9827,3
2628,9828,1
2629,9829,2
2630,9830,0
2631,9831,2
2632,9832,3
2633,9833,3
2634,9834,3
2635,9835,4
2636,9836,3
2637,9837,2
2638,9838,2
2639,9839,3
2640,9840,0
2641,9841,1
2642,9842,4
2643,9843,3
2644,9844,3
2645,9845,0
2646,9846,4
2647,9847,3
2648,9848,4
2649,9849,3
2650,9850,3
2651,9851,4
2652,9852,3
2653,9853,2
2654,9854,3
2655,9855,1
2656,9856,4
2657,9857,1
2658,9858,4
2659,9859,4
2660,9860,4
2661,9861,1
2662,9862,1
2663,9863,3
2664,9864,3
2665,9865,0
2666,9866,1
2667,9867,4
2668,9868,3
2669,9869,2
2670,9870,0
2671,9871,4
2672,9872,0
2673,9873,3
2674,9874,3
2675,9875,0
2676,9876,3
2677,9877,1
2678,9878,1
2679,9879,2
2680,9880,3
2681,9881,4
2682,9882,1
2683,9883,4
2684,9884,1
2685,9885,3
2686,9886,2
2687,9887,3
2688,9888,2
2689,9889,0
2690,9890,1
2691,9891,2
2692,9892,4
2693,9893,4
2694,9894,3
2695,9895,1
2696,9896,4
2697,9897,3
2698,9898,3
2699,9899,2
2700,9900,0
2701,9901,0
2702,9902,2
2703,9903,0
2704,9904,3
2705,9905,2
2706,9906,0
2707,9907,1
2708,9908,1
2709,9909,1
2710,9910,3
2711,9911,1
2712,9912,2
2713,9913,2
2714,9914,0
2715,9915,2
2716,9916,0
2717,9917,3
2718,9918,2
2719,9919,4
2720,9920,3
2721,9921,4
2722,9922,2
2723,9923,2
2724,9924,0
2725,9925,4
2726,9926,3
2727,9927,0
2728,9928,0
2729,9929,1
2730,9930,4
2731,9931,3
2732,9932,3
2733,9933,4
2734,9934,1
2735,9935,0
2736,9936,2
2737,9937,3
2738,9938,2
2739,9939,4
2740,9940,2
2741,9941,1
2742,9942,3
2743,9943,4
2744,9944,1
2745,9945,1
2746,9946,1
2747,9947,3
2748,9948,1
2749,9949,1
2750,9950,4
2751,9951,1
2752,9952,2
2753,9953,0
2754,9954,1
2755,9955,2
2756,9956,4
2757,9957,4
2758,9958,4
2759,9959,2
2760,9960,1
2761,9961,4
2762,9962,2
2763,9963,4
2764,9964,0
2765,9965,4
2766,9966,1
2767,9967,3
2768,9968,3
2769,9969,1
2770,9970,1
2771,9971,2
2772,9972,4
2773,9973,4
2774,9974,1
2775,9975,3
2776,9976,1
2777,9977,1
2778,9978,2
2779,9979,0
2780,9980,0
2781,9981,4
2782,9982,4
2783,9983,3
2784,9984,1
2785,9985,4
2786,9986,1
2787,9987,0
2788,9988,0
2789,9989,0
2790,9990,3
2791,9991,4
2792,9992,1
2793,9993,1
2794,9994,0
2795,9995,4
2796,9996,4
2797,9997,4
2798,9998,0
2799,9999,3
2800,10000,3
2801,10001,1
2802,10002,2
2803,10003,3
2804,10004,0
2805,10005,3
2806,10006,0
2807,10007,4
2808,10008,4
2809,10009,3
2810,10010,1
2811,10011,0
2812,10012,2
2813,10013,0
2814,10014,4
2815,10015,0
2816,10016,2
2817,10017,2
2818,10018,1
2819,10019,4
2820,10020,1
2821,10021,3
2822,10022,0
2823,10023,0
2824,10024,2
2825,10025,2
2826,10026,2
2827,10027,3
2828,10028,3
2829,10029,0
2830,10030,2
2831,10031,4
2832,10032,2
2833,10033,0
2834,10034,3
2835,10035,1
2836,10036,1
2837,10037,3
2838,10038,2
2839,10039,0
2840,10040,0
2841,10041,1
2842,10042,4
2843,10043,3
2844,10044,0
2845,10045,4
2846,10046,0
2847,10047,0
2848,10048,3
2849,10049,4
2850,10050,1
2851,10051,2
2852,10052,3
2853,10053,0
2854,10054,3
2855,10055,0
2856,10056,2
2857,10057,2
2858,10058,4
2859,10059,2
2860,10060,0
2861,10061,1
2862,10062,1
2863,10063,0
2864,10064,4
2865,10065,1
2866,10066,4
2867,10067,1
2868,10068,1
2869,10069,2
2870,10070,3
2871,10071,4
2872,10072,4
2873,10073,0
2874,10074,1
2875,10075,4
2876,10076,3
2877,10077,2
2878,10078,1
2879,10079,0
2880,10080,1
2881,10081,1
2882,10082,1
2883,10083,0
2884,10084,1
2885,10085,3
2886,10086,0
2887,10087,2
2888,10088,1
2889,10089,3
2890,10090,0
2891,10091,3
2892,10092,3
2893,10093,3
2894,10094,4
2895,10095,1
2896,10096,4
2897,10097,1
2898,10098,4
2899,10099,3
2900,10100,4
2901,10101,1
2902,10102,0
2903,10103,2
2904,10104,1
2905,10105,2
2906,10106,4
2907,10107,3
2908,10108,0
2909,10109,0
2910,10110,3
2911,10111,2
2912,10112,0
2913,10113,0
2914,10114,0
2915,10115,2
2916,10116,0
2917,10117,1
2918,10118,0
2919,10119,2
2920,10120,0
2921,10121,4
2922,10122,0
2923,10123,3
2924,10124,4
2925,10125,3
2926,10126,4
2927,10127,4
2928,10128,3
2929,10129,0
2930,10130,1
2931,10131,1
2932,10132,4
2933,10133,0
2934,10134,3
2935,10135,3
2936,10136,0
2937,10137,4
2938,10138,1
2939,10139,1
2940,10140,2
2941,10141,2
2942,10142,3
2943,10143,2
2944,10144,1
2945,10145,1
2946,10146,1
2947,10147,3
2948,10148,2
2949,10149,2
2950,10150,2
2951,10151,0
2952,10152,1
2953,10153,4
2954,10154,0
2955,10155,2
2956,10156,3
2957,10157,3
2958,10158,3
2959,10159,3
2960,10160,3
2961,10161,1
2962,10162,2
2963,10163,3
2964,10164,4
2965,10165,4
2966,10166,2
2967,10167,0
2968,10168,3
2969,10169,4
2970,10170,0
2971,10171,1
2972,10172,3
2973,10173,0
2974,10174,3
2975,10175,3
2976,10176,1
2977,10177,2
2978,10178,2
2979,10179,2
2980,10180,2
2981,10181,2
2982,10182,4
2983,10183,0
2984,10184,0
2985,10185,3
2986,10186,2
2987,10187,1
2988,10188,3
2989,10189,2
2990,10190,3
2991,10191,2
2992,10192,3
2993,10193,0
2994,10194,0
2995,10195,4
2996,10196,4
2997,10197,0
2998,10198,1
2999,10199,4
3000,10200,3
3001,10201,0
3002,10202,2
3003,10203,4
3004,10204,0
3005,10205,4
3006,10206,0
3007,10207,4
3008,10208,1
3009,10209,2
3010,10210,1
3011,10211,4
3012,10212,4
3013,10213,2
3014,10214,3
3015,10215,3
3016,10216,2
3017,10217,0
3018,10218,1
3019,10219,4
3020,10220,4
3021,10221,1
3022,10222,2
3023,10223,1
3024,10224,4
3025,10225,0
3026,10226,4
3027,10227,3
3028,10228,2
3029,10229,1
3030,10230,2
3031,10231,2
3032,10232,2
3033,10233,4
3034,10234,2
3035,10235,0
3036,10236,1
3037,10237,2
3038,10238,4
3039,10239,4
3040,10240,1
3041,10241,0
3042,10242,1
3043,10243,4
3044,10244,0
3045,10245,0
3046,10246,3
3047,10247,1
3048,10248,0
3049,10249,2
3050,10250,2
3051,10251,2
3052,10252,1
3053,10253,0
3054,10254,2
3055,10255,1
3056,10256,4
3057,10257,0
3058,10258,4
3059,10259,1
3060,10260,3
3061,10261,4
3062,10262,3
3063,10263,4
3064,10264,2
3065,10265,2
3066,10266,1
3067,10267,0
3068,10268,0
3069,10269,0
3070,10270,0
3071,10271,1
3072,10272,0
3073,10273,1
3074,10274,4
3075,10275,0
3076,10276,0
3077,10277,1
3078,10278,3
3079,10279,1
3080,10280,0
3081,10281,1
3082,10282,2
3083,10283,1
3084,10284,2
3085,10285,4
3086,10286,3
3087,10287,2
3088,10288,4
3089,10289,2
3090,10290,0
3091,10291,4
3092,10292,2
3093,10293,2
3094,10294,4
3095,10295,2
3096,10296,1
3097,10297,4
3098,10298,4
3099,10299,2
3100,10300,1
3101,10301,0
3102,10302,1
3103,10303,2
3104,10304,0
3105,10305,0
3106,10306,3
3107,10307,4
3108,10308,0
3109,10309,3
3110,10310,2
3111,10311,0
3112,10312,4
3113,10313,2
3114,10314,0
3115,10315,0
3116,10316,2
3117,10317,0
3118,10318,4
3119,10319,2
3120,10320,4
3121,10321,3
3122,10322,1
3123,10323,0
3124,10324,3
3125,10325,3
3126,10326,4
3127,10327,0
3128,10328,1
3129,10329,1
3130,10330,2
3131,10331,0
3132,10332,2
3133,10333,2
3134,10334,0
3135,10335,1
3136,10336,2
3137,10337,3
3138,10338,0
3139,10339,1
3140,10340,2
3141,10341,4
3142,10342,1
3143,10343,4
3144,10344,3
3145,10345,0
3146,10346,1
3147,10347,1
3148,10348,4
3149,10349,0
3150,10350,0
3151,10351,2
3152,10352,0
3153,10353,3
3154,10354,1
3155,10355,4
3156,10356,1
3157,10357,4
3158,10358,1
3159,10359,3
3160,10360,3
3161,10361,1
3162,10362,0
3163,10363,3
3164,10364,1
3165,10365,4
3166,10366,3
3167,10367,2
3168,10368,4
3169,10369,4
3170,10370,1
3171,10371,0
3172,10372,0
3173,10373,1
3174,10374,1
3175,10375,4
3176,10376,2
3177,10377,3
3178,10378,1
3179,10379,0
3180,10380,2
3181,10381,3
3182,10382,0
3183,10383,1
3184,10384,3
3185,10385,3
3186,10386,0
3187,10387,1
3188,10388,0
3189,10389,0
3190,10390,3
3191,10391,2
3192,10392,3
3193,10393,2
3194,10394,4
3195,10395,3
3196,10396,4
3197,10397,3
3198,10398,3
3199,10399,0
3200,10400,3
3201,10401,3
3202,10402,2
3203,10403,3
3204,10404,0
3205,10405,1
3206,10406,2
3207,10407,0
3208,10408,0
3209,10409,2
3210,10410,0
3211,10411,4
3212,10412,0
3213,10413,1
3214,10414,4
3215,10415,4
3216,10416,2
3217,10417,4
3218,10418,3
3219,10419,4
3220,10420,2
3221,10421,1
3222,10422,0
3223,10423,2
3224,10424,0
3225,10425,2
3226,10426,0
3227,10427,3
3228,10428,3
3229,10429,0
3230,10430,2
3231,10431,0
3232,10432,3
3233,10433,3
3234,10434,0
3235,10435,4
3236,10436,1
3237,10437,0
3238,10438,2
3239,10439,3
3240,10440,0
3241,10441,0
3242,10442,1
3243,10443,0
3244,10444,3
3245,10445,4
3246,10446,1
3247,10447,4
3248,10448,4
3249,10449,1
3250,10450,1
3251,10451,2
3252,10452,0
3253,10453,4
3254,10454,2
3255,10455,3
3256,10456,0
3257,10457,1
3258,10458,4
3259,10459,3
3260,10460,0
3261,10461,2
3262,10462,0
3263,10463,4
3264,10464,1
3265,10465,0
3266,10466,4
3267,10467,0
3268,10468,0
3269,10469,1
3270,10470,3
3271,10471,3
3272,10472,2
3273,10473,1
3274,10474,1
3275,10475,3
3276,10476,2
3277,10477,2
3278,10478,4
3279,10479,0
3280,10480,1
3281,10481,1
3282,10482,2
3283,10483,2
3284,10484,4
3285,10485,0
3286,10486,1
3287,10487,0
3288,10488,1
3289,10489,3
3290,10490,3
3291,10491,3
3292,10492,4
3293,10493,2
3294,10494,2
3295,10495,2
3296,10496,0
3297,10497,3
3298,10498,0
3299,10499,0
3300,10500,3
3301,10501,0
3302,10502,4
3303,10503,1
3304,10504,0
3305,10505,1
3306,10506,0
3307,10507,2
3308,10508,2
3309,10509,1
3310,10510,3
3311,10511,3
3312,10512,1
3313,10513,0
3314,10514,3
3315,10515,1
3316,10516,1
3317,10517,2
3318,10518,1
3319,10519,4
3320,10520,3
3321,10521,1
3322,10522,2
3323,10523,3
3324,10524,0
3325,10525,1
3326,10526,1
3327,10527,2
3328,10528,4
3329,10529,3
3330,10530,3
3331,10531,3
3332,10532,3
3333,10533,0
3334,10534,4
3335,10535,0
3336,10536,2
3337,10537,2
3338,10538,0
3339,10539,0
3340,10540,4
3341,10541,1
3342,10542,3
3343,10543,3
3344,10544,1
3345,10545,2
3346,10546,1
3347,10547,4
3348,10548,0
3349,10549,1
3350,10550,3
3351,10551,2
3352,10552,0
3353,10553,1
3354,10554,4
3355,10555,2
3356,10556,4
3357,10557,2
3358,10558,4
3359,10559,1
3360,10560,0
3361,10561,1
3362,10562,1
3363,10563,0
3364,10564,0
3365,10565,4
3366,10566,3
3367,10567,4
3368,10568,1
3369,10569,2
3370,10570,1
3371,10571,0
3372,10572,2
3373,10573,0
3374,10574,1
3375,10575,0
3376,10576,3
3377,10577,4
3378,10578,0
3379,10579,0
3380,10580,4
3381,10581,3
3382,10582,3
3383,10583,4
3384,10584,2
3385,10585,2
3386,10586,3
3387,10587,4
3388,10588,1
3389,10589,4
3390,10590,1
3391,10591,0
3392,10592,2
3393,10593,4
3394,10594,0
3395,10595,0
3396,10596,4
3397,10597,4
3398,10598,4
3399,10599,1
3400,10600,1
3401,10601,2
3402,10602,1
3403,10603,0
3404,10604,2
3405,10605,4
3406,10606,0
3407,10607,0
3408,10608,3
3409,10609,0
3410,10610,0
3411,10611,3
3412,10612,0
3413,10613,3
3414,10614,0
3415,10615,2
3416,10616,3
3417,10617,0
3418,10618,3
3419,10619,4
3420,10620,3
3421,10621,4
3422,10622,0
3423,10623,2
3424,10624,1
3425,10625,0
3426,10626,1
3427,10627,3
3428,10628,1
3429,10629,1
3430,10630,2
3431,10631,1
3432,10632,1
3433,10633,4
3434,10634,4
3435,10635,3
3436,10636,3
3437,10637,4
3438,10638,0
3439,10639,2
3440,10640,4
3441,10641,3
3442,10642,0
3443,10643,0
3444,10644,3
3445,10645,0
3446,10646,2
3447,10647,3
3448,10648,2
3449,10649,4
3450,10650,4
3451,10651,0
3452,10652,3
3453,10653,2
3454,10654,1
3455,10655,0
3456,10656,3
3457,10657,2
3458,10658,3
3459,10659,2
3460,10660,2
3461,10661,0
3462,10662,4
3463,10663,4
3464,10664,4
3465,10665,0
3466,10666,3
3467,10667,3
3468,10668,4
3469,10669,1
3470,10670,0
3471,10671,0
3472,10672,4
3473,10673,1
3474,10674,4
3475,10675,1
3476,10676,1
3477,10677,1
3478,10678,4
3479,10679,2
3480,10680,4
3481,10681,1
3482,10682,2
3483,10683,0
3484,10684,2
3485,10685,3
3486,10686,3
3487,10687,3
3488,10688,2
3489,10689,0
3490,10690,4
3491,10691,4
3492,10692,3
3493,10693,0
3494,10694,3
3495,10695,0
3496,10696,4
3497,10697,3
3498,10698,2
3499,10699,3
3500,10700,1
3501,10701,3
3502,10702,1
3503,10703,2
3504,10704,1
3505,10705,2
3506,10706,1
3507,10707,3
3508,10708,0
3509,10709,3
3510,10710,1
3511,10711,1
3512,10712,2
3513,10713,3
3514,10714,3
3515,10715,2
3516,10716,2
3517,10717,3
3518,10718,0
3519,10719,4
3520,10720,2
3521,10721,3
3522,10722,4
3523,10723,3
3524,10724,3
3525,10725,3
3526,10726,0
3527,10727,0
3528,10728,3
3529,10729,1
3530,10730,3
3531,10731,0
3532,10732,0
3533,10733,2
3534,10734,2
3535,10735,4
3536,10736,3
3537,10737,0
3538,10738,2
3539,10739,3
3540,10740,0
3541,10741,1
3542,10742,0
3543,10743,3
3544,10744,2
3545,10745,4
3546,10746,0
3547,10747,3
3548,10748,4
3549,10749,2
3550,10750,0
3551,10751,3
3552,10752,2
3553,10753,1
3554,10754,4
3555,10755,3
3556,10756,3
3557,10757,3
3558,10758,1
3559,10759,1
3560,10760,1
3561,10761,4
3562,10762,3
3563,10763,4
3564,10764,0
3565,10765,0
3566,10766,2
3567,10767,4
3568,10768,3
3569,10769,0
3570,10770,2
3571,10771,3
3572,10772,1
3573,10773,1
3574,10774,2
3575,10775,3
3576,10776,4
3577,10777,0
3578,10778,1
3579,10779,1
3580,10780,2
3581,10781,2
3582,10782,4
3583,10783,1
3584,10784,4
3585,10785,1
3586,10786,4
3587,10787,2
3588,10788,3
3589,10789,2
3590,10790,3
3591,10791,2
3592,10792,1
3593,10793,3
3594,10794,3
3595,10795,4
3596,10796,4
3597,10797,0
3598,10798,3
3599,10799,3
3600,10800,1
3601,10801,4
3602,10802,4
3603,10803,3
3604,10804,4
3605,10805,2
3606,10806,3
3607,10807,2
3608,10808,3
3609,10809,1
3610,10810,4
3611,10811,4
3612,10812,0
3613,10813,4
3614,10814,4
3615,10815,2
3616,10816,1
3617,10817,2
3618,10818,4
3619,10819,2
3620,10820,4
3621,10821,2
3622,10822,1
3623,10823,4
3624,10824,2
3625,10825,2
3626,10826,1
3627,10827,2
3628,10828,4
3629,10829,3
3630,10830,1
3631,10831,2
3632,10832,3
3633,10833,1
3634,10834,1
3635,10835,1
3636,10836,1
3637,10837,4
3638,10838,0
3639,10839,4
3640,10840,3
3641,10841,3
3642,10842,0
3643,10843,1
3644,10844,2
3645,10845,1
3646,10846,3
3647,10847,1
3648,10848,1
3649,10849,1
3650,10850,3
3651,10851,4
3652,10852,3
3653,10853,1
3654,10854,4
3655,10855,2
3656,10856,1
3657,10857,3
3658,10858,0
3659,10859,3
3660,10860,3
3661,10861,4
3662,10862,3
3663,10863,1
3664,10864,2
3665,10865,4
3666,10866,1
3667,10867,1
3668,10868,4
3669,10869,4
3670,10870,2
3671,10871,4
3672,10872,0
3673,10873,0
3674,10874,0
3675,10875,3
3676,10876,4
3677,10877,1
3678,10878,1
3679,10879,0
3680,10880,1
3681,10881,3
3682,10882,4
3683,10883,2
3684,10884,0
3685,10885,1
3686,10886,4
3687,10887,0
3688,10888,3
3689,10889,3
3690,10890,3
3691,10891,1
3692,10892,3
3693,10893,3
3694,10894,2
3695,10895,4
3696,10896,1
3697,10897,2
3698,10898,1
3699,10899,1
3700,10900,3
3701,10901,3
3702,10902,0
3703,10903,0
3704,10904,1
3705,10905,2
3706,10906,3
3707,10907,1
3708,10908,0
3709,10909,1
3710,10910,3
3711,10911,1
3712,10912,0
3713,10913,0
3714,10914,2
3715,10915,0
3716,10916,3
3717,10917,2
3718,10918,2
3719,10919,1
3720,10920,4
3721,10921,3
3722,10922,0
3723,10923,2
3724,10924,3
3725,10925,4
3726,10926,2
3727,10927,0
3728,10928,3
3729,10929,1
3730,10930,4
3731,10931,3
3732,10932,4
3733,10933,1
3734,10934,4
3735,10935,2
3736,10936,0
3737,10937,1
3738,10938,2
3739,10939,2
3740,10940,2
3741,10941,3
3742,10942,1
3743,10943,2
3744,10944,4
3745,10945,3
3746,10946,4
3747,10947,0
3748,10948,2
3749,10949,3
3750,10950,2
3751,10951,3
3752,10952,4
3753,10953,3
3754,10954,2
3755,10955,0
3756,10956,0
3757,10957,2
3758,10958,2
3759,10959,0
3760,10960,0
3761,10961,4
3762,10962,0
3763,10963,4
3764,10964,1
3765,10965,4
3766,10966,0
3767,10967,2
3768,10968,0
3769,10969,1
3770,10970,2
3771,10971,0
3772,10972,3
3773,10973,1
3774,10974,1
3775,10975,2
3776,10976,0
3777,10977,4
3778,10978,2
3779,10979,3
3780,10980,4
3781,10981,1
3782,10982,4
3783,10983,0
3784,10984,2
3785,10985,1
3786,10986,0
3787,10987,3
3788,10988,3
3789,10989,4
3790,10990,2
3791,10991,4
3792,10992,0
3793,10993,3
3794,10994,0
3795,10995,4
3796,10996,4
3797,10997,4
3798,10998,1
3799,10999,4
3800,11000,3
3801,11001,3
3802,11002,3
3803,11003,3
3804,11004,0
3805,11005,2
3806,11006,0
3807,11007,4
3808,11008,1
3809,11009,0
3810,11010,2
3811,11011,3
3812,11012,0
3813,11013,4
3814,11014,2
3815,11015,4
3816,11016,1
3817,11017,2
3818,11018,0
3819,11019,3
3820,11020,4
3821,11021,0
3822,11022,2
3823,11023,0
3824,11024,3
3825,11025,1
3826,11026,2
3827,11027,3
3828,11028,1
3829,11029,1
3830,11030,4
3831,11031,2
3832,11032,0
3833,11033,4
3834,11034,0
3835,11035,0
3836,11036,2
3837,11037,0
3838,11038,4
3839,11039,2
3840,11040,4
3841,11041,3
3842,11042,0
3843,11043,2
3844,11044,2
3845,11045,4
3846,11046,0
3847,11047,2
3848,11048,0
3849,11049,3
3850,11050,4
3851,11051,4
3852,11052,2
3853,11053,3
3854,11054,2
3855,11055,2
3856,11056,1
3857,11057,2
3858,11058,2
3859,11059,0
3860,11060,0
3861,11061,2
3862,11062,2
3863,11063,4
3864,11064,3
3865,11065,3
3866,11066,4
3867,11067,1
3868,11068,0
3869,11069,2
3870,11070,1
3871,11071,4
3872,11072,1
3873,11073,0
3874,11074,3
3875,11075,1
3876,11076,1
3877,11077,2
3878,11078,1
3879,11079,4
3880,11080,3
3881,11081,4
3882,11082,4
3883,11083,3
3884,11084,4
3885,11085,2
3886,11086,2
3887,11087,0
3888,11088,4
3889,11089,4
3890,11090,4
3891,11091,1
3892,11092,1
3893,11093,3
3894,11094,1
3895,11095,0
3896,11096,2
3897,11097,4
3898,11098,1
3899,11099,4
3900,11100,2
3901,11101,2
3902,11102,1
3903,11103,0
3904,11104,1
3905,11105,3
3906,11106,4
3907,11107,0
3908,11108,2
3909,11109,3
3910,11110,0
3911,11111,1
3912,11112,1
3913,11113,4
3914,11114,1
3915,11115,3
3916,11116,4
3917,11117,2
3918,11118,1
3919,11119,3
3920,11120,4
3921,11121,0
3922,11122,0
3923,11123,2
3924,11124,4
3925,11125,3
3926,11126,1
3927,11127,3
3928,11128,0
3929,11129,0
3930,11130,4
3931,11131,1
3932,11132,0
3933,11133,4
3934,11134,0
3935,11135,0
3936,11136,2
3937,11137,4
3938,11138,2
3939,11139,4
3940,11140,4
3941,11141,4
3942,11142,3
3943,11143,3
3944,11144,3
3945,11145,3
3946,11146,1
3947,11147,4
3948,11148,4
3949,11149,2
3950,11150,2
3951,11151,1
3952,11152,3
3953,11153,1
3954,11154,1
3955,11155,3
3956,11156,1
3957,11157,0
3958,11158,3
3959,11159,1
3960,11160,0
3961,11161,3
3962,11162,0
3963,11163,1
3964,11164,1
3965,11165,1
3966,11166,3
3967,11167,2
3968,11168,4
3969,11169,4
3970,11170,2
3971,11171,3
3972,11172,1
3973,11173,0
3974,11174,2
3975,11175,3
3976,11176,2
3977,11177,4
3978,11178,1
3979,11179,3
3980,11180,1
3981,11181,0
3982,11182,1
3983,11183,2
3984,11184,4
3985,11185,0
3986,11186,3
3987,11187,1
3988,11188,3
3989,11189,4
3990,11190,4
3991,11191,2
3992,11192,3
3993,11193,2
3994,11194,1
3995,11195,3
3996,11196,2
3997,11197,0
3998,11198,4
3999,11199,2
4000,11200,2
4001,11201,2
4002,11202,4
4003,11203,2
4004,11204,0
4005,11205,4
4006,11206,3
4007,11207,0
4008,11208,0
4009,11209,1
4010,11210,3
4011,11211,2
4012,11212,2
4013,11213,2
4014,11214,1
4015,11215,4
4016,11216,3
4017,11217,0
4018,11218,4
4019,11219,1
4020,11220,3
4021,11221,1
4022,11222,3
4023,11223,2
4024,11224,1
4025,11225,1
4026,11226,3
4027,11227,4
4028,11228,4
4029,11229,2
4030,11230,4
4031,11231,3
4032,11232,0
4033,11233,4
4034,11234,0
4035,11235,4
4036,11236,1
4037,11237,2
4038,11238,3
4039,11239,2
4040,11240,3
4041,11241,3
4042,11242,3
4043,11243,2
4044,11244,2
4045,11245,2
4046,11246,0
4047,11247,3
4048,11248,4
4049,11249,3
4050,11250,2
4051,11251,1
4052,11252,1
4053,11253,2
4054,11254,3
4055,11255,2
4056,11256,1
4057,11257,4
4058,11258,0
4059,11259,1
4060,11260,1
4061,11261,2
4062,11262,0
4063,11263,4
4064,11264,0
4065,11265,4
4066,11266,2
4067,11267,2
4068,11268,0
4069,11269,3
4070,11270,0
4071,11271,3
4072,11272,0
4073,11273,1
4074,11274,0
4075,11275,3
4076,11276,0
4077,11277,2
4078,11278,4
4079,11279,2
4080,11280,1
4081,11281,3
4082,11282,3
4083,11283,2
4084,11284,4
4085,11285,1
4086,11286,4
4087,11287,2
4088,11288,4
4089,11289,4
4090,11290,4
4091,11291,1
4092,11292,4
4093,11293,1
4094,11294,2
4095,11295,3
4096,11296,0
4097,11297,3
4098,11298,2
4099,11299,1
4100,11300,3
4101,11301,2
4102,11302,1
4103,11303,0
4104,11304,1
4105,11305,0
4106,11306,4
4107,11307,1
4108,11308,2
4109,11309,0
4110,11310,4
4111,11311,3
4112,11312,4
4113,11313,3
4114,11314,0
4115,11315,3
4116,11316,3
4117,11317,2
4118,11318,0
4119,11319,2
4120,11320,4
4121,11321,1
4122,11322,4
4123,11323,1
4124,11324,1
4125,11325,4
4126,11326,3
4127,11327,2
4128,11328,4
4129,11329,0
4130,11330,2
4131,11331,4
4132,11332,3
4133,11333,4
4134,11334,2
4135,11335,4
4136,11336,1
4137,11337,1
4138,11338,3
4139,11339,1
4140,11340,4
4141,11341,2
4142,11342,3
4143,11343,4
4144,11344,2
4145,11345,0
4146,11346,0
4147,11347,2
4148,11348,2
4149,11349,3
4150,11350,2
4151,11351,2
4152,11352,2
4153,11353,0
4154,11354,3
4155,11355,2
4156,11356,1
4157,11357,0
4158,11358,1
4159,11359,0
4160,11360,0
4161,11361,2
4162,11362,1
4163,11363,4
4164,11364,2
4165,11365,0
4166,11366,4
4167,11367,2
4168,11368,3
4169,11369,4
4170,11370,4
4171,11371,0
4172,11372,3
4173,11373,1
4174,11374,3
4175,11375,3
4176,11376,0
4177,11377,1
4178,11378,0
4179,11379,2
4180,11380,4
4181,11381,4
4182,11382,0
4183,11383,1
4184,11384,0
4185,11385,0
4186,11386,2
4187,11387,2
4188,11388,2
4189,11389,1
4190,11390,2
4191,11391,3
4192,11392,4
4193,11393,1
4194,11394,0
4195,11395,3
4196,11396,1
4197,11397,1
4198,11398,0
4199,11399,3
4200,11400,3
4201,11401,0
4202,11402,4
4203,11403,3
4204,11404,2
4205,11405,3
4206,11406,3
4207,11407,3
4208,11408,0
4209,11409,3
4210,11410,4
4211,11411,1
4212,11412,3
4213,11413,3
4214,11414,3
4215,11415,1
4216,11416,4
4217,11417,0
4218,11418,2
4219,11419,1
4220,11420,0
4221,11421,3
4222,11422,0
4223,11423,3
4224,11424,4
4225,11425,1
4226,11426,3
4227,11427,2
4228,11428,1
4229,11429,3
4230,11430,0
4231,11431,3
4232,11432,3
4233,11433,1
4234,11434,0
4235,11435,3
4236,11436,1
4237,11437,2
4238,11438,1
4239,11439,4
4240,11440,2
4241,11441,3
4242,11442,4
4243,11443,0
4244,11444,3
4245,11445,2
4246,11446,0
4247,11447,4
4248,11448,2
4249,11449,1
4250,11450,4
4251,11451,0
4252,11452,1
4253,11453,2
4254,11454,3
4255,11455,2
4256,11456,1
4257,11457,4
4258,11458,2
4259,11459,1
4260,11460,0
4261,11461,0
4262,11462,1
4263,11463,2
4264,11464,0
4265,11465,3
4266,11466,4
4267,11467,1
4268,11468,4
4269,11469,2
4270,11470,2
4271,11471,2
4272,11472,2
4273,11473,1
4274,11474,0
4275,11475,2
4276,11476,4
4277,11477,1
4278,11478,0
4279,11479,4
4280,11480,2
4281,11481,1
4282,11482,4
4283,11483,1
4284,11484,1
4285,11485,0
4286,11486,1
4287,11487,3
4288,11488,4
4289,11489,3
4290,11490,4
4291,11491,2
4292,11492,4
4293,11493,3
4294,11494,2
4295,11495,1
4296,11496,1
4297,11497,0
4298,11498,1
4299,11499,1
4300,11500,2
4301,11501,3
4302,11502,2
4303,11503,2
4304,11504,4
4305,11505,4
4306,11506,0
4307,11507,2
4308,11508,3
4309,11509,2
4310,11510,0
4311,11511,1
4312,11512,4
4313,11513,3
4314,11514,3
4315,11515,1
4316,11516,2
4317,11517,3
4318,11518,1
4319,11519,0
4320,11520,2
4321,11521,4
4322,11522,2
4323,11523,0
4324,11524,1
4325,11525,2
4326,11526,1
4327,11527,4
4328,11528,1
4329,11529,0
4330,11530,3
4331,11531,1
4332,11532,2
4333,11533,1
4334,11534,2
4335,11535,3
4336,11536,4
4337,11537,0
4338,11538,3
4339,11539,0
4340,11540,2
4341,11541,3
4342,11542,1
4343,11543,1
4344,11544,3
4345,11545,0
4346,11546,2
4347,11547,1
4348,11548,1
4349,11549,4
4350,11550,3
4351,11551,4
4352,11552,2
4353,11553,2
4354,11554,2
4355,11555,4
4356,11556,2
4357,11557,4
4358,11558,0
4359,11559,0
4360,11560,0
4361,11561,1
4362,11562,0
4363,11563,4
4364,11564,0
4365,11565,1
4366,11566,0
4367,11567,4
4368,11568,4
4369,11569,4
4370,11570,3
4371,11571,1
4372,11572,3
4373,11573,2
4374,11574,4
4375,11575,3
4376,11576,2
4377,11577,3
4378,11578,1
4379,11579,2
4380,11580,0
4381,11581,1
4382,11582,2
4383,11583,0
4384,11584,2
4385,11585,0
4386,11586,1
4387,11587,0
4388,11588,1
4389,11589,1
4390,11590,1
4391,11591,3
4392,11592,2
4393,11593,0
4394,11594,1
4395,11595,1
4396,11596,4
4397,11597,1
4398,11598,0
4399,11599,4
4400,11600,1
4401,11601,1
4402,11602,1
4403,11603,3
4404,11604,1
4405,11605,4
4406,11606,1
4407,11607,4
4408,11608,1
4409,11609,0
4410,11610,3
4411,11611,2
4412,11612,1
4413,11613,2
4414,11614,1
4415,11615,4
4416,11616,1
4417,11617,3
4418,11618,0
4419,11619,0
4420,11620,2
4421,11621,1
4422,11622,0
4423,11623,1
4424,11624,1
4425,11625,4
4426,11626,2
4427,11627,4
4428,11628,4
4429,11629,0
4430,11630,3
4431,11631,0
4432,11632,1
4433,11633,3
4434,11634,2
4435,11635,2
4436,11636,1
4437,11637,4
4438,11638,0
4439,11639,1
4440,11640,3
4441,11641,0
4442,11642,3
4443,11643,1
4444,11644,2
4445,11645,1
4446,11646,0
4447,11647,3
4448,11648,3
4449,11649,2
4450,11650,1
4451,11651,4
4452,11652,3
4453,11653,1
4454,11654,3
4455,11655,0
4456,11656,3
4457,11657,4
4458,11658,2
4459,11659,4
4460,11660,0
4461,11661,1
4462,11662,0
4463,11663,1
4464,11664,1
4465,11665,4
4466,11666,4
4467,11667,1
4468,11668,0
4469,11669,0
4470,11670,1
4471,11671,4
4472,11672,3
4473,11673,1
4474,11674,1
4475,11675,3
4476,11676,2
4477,11677,1
4478,11678,4
4479,11679,4
4480,11680,3
4481,11681,3
4482,11682,2
4483,11683,2
4484,11684,0
4485,11685,1
4486,11686,4
4487,11687,1
4488,11688,4
4489,11689,2
4490,11690,1
4491,11691,4
4492,11692,3
4493,11693,1
4494,11694,0
4495,11695,3
4496,11696,0
4497,11697,3
4498,11698,2
4499,11699,4
4500,11700,3
4501,11701,1
4502,11702,0
4503,11703,4
4504,11704,4
4505,11705,2
4506,11706,4
4507,11707,2
4508,11708,0
4509,11709,0
4510,11710,0
4511,11711,3
4512,11712,2
4513,11713,4
4514,11714,2
4515,11715,3
4516,11716,1
4517,11717,3
4518,11718,2
4519,11719,3
4520,11720,3
4521,11721,1
4522,11722,3
4523,11723,1
4524,11724,1
4525,11725,4
4526,11726,2
4527,11727,4
4528,11728,3
4529,11729,3
4530,11730,0
4531,11731,3
4532,11732,2
4533,11733,2
4534,11734,3
4535,11735,3
4536,11736,2
4537,11737,1
4538,11738,2
4539,11739,3
4540,11740,0
4541,11741,0
4542,11742,4
4543,11743,3
4544,11744,1
4545,11745,1
4546,11746,0
4547,11747,4
4548,11748,0
4549,11749,2
4550,11750,4
4551,11751,3
4552,11752,1
4553,11753,0
4554,11754,3
4555,11755,2
4556,11756,1
4557,11757,2
4558,11758,3
4559,11759,0
4560,11760,1
4561,11761,3
4562,11762,3
4563,11763,3
4564,11764,4
4565,11765,4
4566,11766,1
4567,11767,3
4568,11768,3
4569,11769,3
4570,11770,1
4571,11771,1
4572,11772,1
4573,11773,1
4574,11774,3
4575,11775,3
4576,11776,3
4577,11777,3
4578,11778,3
4579,11779,4
4580,11780,3
4581,11781,4
4582,11782,1
4583,11783,3
4584,11784,3
4585,11785,1
4586,11786,1
4587,11787,4
4588,11788,1
4589,11789,2
4590,11790,0
4591,11791,3
4592,11792,0
4593,11793,4
4594,11794,3
4595,11795,1
4596,11796,3
4597,11797,1
4598,11798,4
4599,11799,0
4600,11800,4
4601,11801,2
4602,11802,1
4603,11803,3
4604,11804,0
4605,11805,0
4606,11806,3
4607,11807,0
4608,11808,3
4609,11809,3
4610,11810,3
4611,11811,2
4612,11812,4
4613,11813,2
4614,11814,0
4615,11815,1
4616,11816,2
4617,11817,3
4618,11818,0
4619,11819,1
4620,11820,2
4621,11821,1
4622,11822,4
4623,11823,0
4624,11824,2
4625,11825,4
4626,11826,1
4627,11827,1
4628,11828,1
4629,11829,0
4630,11830,2
4631,11831,1
4632,11832,1
4633,11833,1
4634,11834,3
4635,11835,4
4636,11836,2
4637,11837,2
4638,11838,2
4639,11839,4
4640,11840,2
4641,11841,1
4642,11842,0
4643,11843,4
4644,11844,3
4645,11845,3
4646,11846,1
4647,11847,2
4648,11848,1
4649,11849,1
4650,11850,0
4651,11851,3
4652,11852,1
4653,11853,2
4654,11854,0
4655,11855,2
4656,11856,0
4657,11857,0
4658,11858,2
4659,11859,4
4660,11860,3
4661,11861,3
4662,11862,2
4663,11863,0
4664,11864,1
4665,11865,2
4666,11866,1
4667,11867,2
4668,11868,1
4669,11869,1
4670,11870,0
4671,11871,3
4672,11872,1
4673,11873,2
4674,11874,0
4675,11875,1
4676,11876,1
4677,11877,2
4678,11878,3
4679,11879,3
4680,11880,3
4681,11881,2
4682,11882,1
4683,11883,2
4684,11884,2
4685,11885,1
4686,11886,2
4687,11887,1
4688,11888,0
4689,11889,0
4690,11890,2
4691,11891,4
4692,11892,4
4693,11893,4
4694,11894,2
4695,11895,4
4696,11896,4
4697,11897,3
4698,11898,0
4699,11899,1
4700,11900,1
4701,11901,0
4702,11902,1
4703,11903,1
4704,11904,0
4705,11905,4
4706,11906,2
4707,11907,2
4708,11908,3
4709,11909,0
4710,11910,0
4711,11911,3
4712,11912,2
4713,11913,3
4714,11914,3
4715,11915,4
4716,11916,4
4717,11917,2
4718,11918,0
4719,11919,3
4720,11920,2
4721,11921,4
4722,11922,4
4723,11923,0
4724,11924,2
4725,11925,0
4726,11926,3
4727,11927,0
4728,11928,0
4729,11929,1
4730,11930,1
4731,11931,1
4732,11932,4
4733,11933,2
4734,11934,1
4735,11935,2
4736,11936,1
4737,11937,1
4738,11938,2
4739,11939,2
4740,11940,0
4741,11941,3
4742,11942,4
4743,11943,0
4744,11944,2
4745,11945,2
4746,11946,3
4747,11947,4
4748,11948,0
4749,11949,4
4750,11950,3
4751,11951,0
4752,11952,2
4753,11953,3
4754,11954,0
4755,11955,4
4756,11956,0
4757,11957,3
4758,11958,0
4759,11959,1
4760,11960,0
4761,11961,1
4762,11962,3
4763,11963,1
4764,11964,3
4765,11965,0
4766,11966,1
4767,11967,1
4768,11968,4
4769,11969,0
4770,11970,4
4771,11971,1
4772,11972,3
4773,11973,1
4774,11974,0
4775,11975,2
4776,11976,0
4777,11977,1
4778,11978,3
4779,11979,0
4780,11980,1
4781,11981,2
4782,11982,2
4783,11983,2
4784,11984,2
4785,11985,1
4786,11986,0
4787,11987,3
4788,11988,0
4789,11989,0
4790,11990,1
4791,11991,0
4792,11992,0
4793,11993,3
4794,11994,2
4795,11995,3
4796,11996,2
4797,11997,4
4798,11998,4
4799,11999,4
